Data,Czas,Produkt,ISIN,Giełda referenc,Miejsce wykonania,Liczba,Kurs,,Wartość lokalna,,Wartość,,Kurs wymian,Opłata transakcyjna,,Razem,,Identyfikator zlecenia
06-04-2021,16:58,MICROSOFT CORPORATION,US5949181045,NDQ,CDED,-1,248.4000,USD,248.40,USD,209.38,EUR,1.1852,-0.50,EUR,208.88,EUR,a7ac0afb-f80f-4e69-ae0e-519e824c170e
05-04-2021,15:30,MICROSOFT CORPORATION,US5949181045,NDQ,XNAS,-1,242.8500,USD,242.85,USD,205.71,EUR,1.1794,-0.50,EUR,205.21,EUR,f330b4b4-99d8-47eb-8583-71cd7fc60d23
08-03-2021,16:19,INOVIO PHARMACEUTICALS,US45773H2013,NDQ,CDED,-9,9.3200,USD,83.88,USD,70.44,EUR,1.1896,-0.53,EUR,69.91,EUR,85e78a7e-efc8-456b-a12a-68478185d701
08-03-2021,16:18,APPLE INC. - COMMON ST,US0378331005,NDQ,EDGX,-3,119.0000,USD,357.00,USD,299.83,EUR,1.1895,-0.51,EUR,299.32,EUR,fa3ebcc5-46a3-47e4-8f10-4dfb99c166be
08-03-2021,16:17,ALIBABA GROUP HOLDING,US01609W1027,NSY,CDED,-2,228.1700,USD,456.34,USD,383.23,EUR,1.1896,-0.51,EUR,382.72,EUR,fc67c932-1542-4683-bbfc-43b80cd772f3
08-03-2021,16:17,MICROSOFT CORPORATION,US5949181045,NDQ,CDED,-1,231.7800,USD,231.78,USD,194.68,EUR,1.1894,-0.50,EUR,194.18,EUR,804ae072-79a0-4a72-84da-a20e1a6a0104
25-02-2021,18:11,APPLE INC. - COMMON ST,US0378331005,NDQ,CDED,1,122.3200,USD,-122.32,USD,-99.99,EUR,1.2221,-0.50,EUR,-100.49,EUR,ee5c5ac1-cc81-4498-84ce-784de20f1b78
23-02-2021,15:54,APPLE INC. - COMMON ST,US0378331005,NDQ,CDED,1,121.0300,USD,-121.03,USD,-99.70,EUR,1.2127,-0.50,EUR,-100.20,EUR,9df942ea-3186-4d8b-9f3c-62f0620109a7
22-02-2021,21:25,MICROSOFT CORPORATION,US5949181045,NDQ,CDED,1,235.2400,USD,-235.24,USD,-193.50,EUR,1.2145,-0.50,EUR,-194.00,EUR,5c53d367-5b2f-4e0b-bcc6-c4c9d6da659e
22-02-2021,15:48,MICROSOFT CORPORATION,US5949181045,NDQ,SOHO,1,237.4100,USD,-237.41,USD,-195.56,EUR,1.2128,-0.50,EUR,-196.06,EUR,40851573-f650-4e2a-86e5-eef1a3e7c86b
05-02-2021,19:07,ALIBABA GROUP HOLDING,US01609W1027,NSY,SOHO,-2,266.2000,USD,532.40,USD,441.35,EUR,1.2051,-0.51,EUR,440.84,EUR,1f1e842d-c42a-4c8f-a082-ef469fa7a57d
05-02-2021,16:29,JANONE INC,US47089W1045,NDQ,CDED,1,9.1800,USD,-9.18,USD,-7.64,EUR,1.2008,-0.50,EUR,-8.14,EUR,aec1551b-2f7c-4654-a683-de412d4139c5
05-02-2021,15:30,VIRGIN GALACTIC HOLDINGS INC. COMMON STOCK,US92766K1060,NSY,XNYS,1,55.0000,USD,-55.00,USD,-45.77,EUR,1.2005,-0.50,EUR,-46.27,EUR,8aa6c76d-9499-40ab-92b0-bb056e644037
04-02-2021,16:09,PROCTER & GAMBLE COMPA,US7427181091,NSY,SOHO,2,129.2700,USD,-258.54,USD,-215.81,EUR,1.1968,-0.51,EUR,-216.32,EUR,5d3dd428-08fe-442d-9d1e-c38400ab97d5
04-02-2021,16:07,ALIBABA GROUP HOLDING,US01609W1027,NSY,SOHO,-1,267.0600,USD,267.06,USD,222.44,EUR,1.1994,-0.50,EUR,221.94,EUR,4bd7d171-81ad-4930-acdc-a02a2662a7fd
29-01-2021,18:29,APPLE INC. - COMMON ST,US0378331005,NDQ,CDED,1,132.0600,USD,-132.06,USD,-108.82,EUR,1.2124,-0.50,EUR,-109.32,EUR,fb2e8dd2-ca65-477b-a205-b08f1fc6fac6
29-01-2021,15:39,APPLE INC. - COMMON ST,US0378331005,NDQ,XNAS,2,135.0000,USD,-270.00,USD,-222.22,EUR,1.2138,-0.51,EUR,-222.73,EUR,7791ee99-2fca-4b78-bf61-745e80335a37
26-01-2021,16:33,CD PROJEKT RED SA,PLOPTTC00011,WSE,XWAR,-2,297.0000,PLN,594.00,PLN,130.62,EUR,4.5475,-0.34,EUR,130.28,EUR,264ecefd-d694-459a-b894-626b3595a5cd
25-01-2021,16:29,APPLE INC. - COMMON ST,US0378331005,NDQ,CDED,-2,144.2200,USD,288.44,USD,237.49,EUR,1.2133,-0.51,EUR,236.98,EUR,28e89a0c-aab9-4d73-8934-60be3c85f146
22-01-2021,16:08,MICROSOFT CORPORATION,US5949181045,NDQ,XNAS,-1,230.0000,USD,230.00,USD,188.50,EUR,1.2189,-0.50,EUR,188.00,EUR,67c9edd8-664b-4b05-a9c8-0c1a81ef8e36
20-01-2021,15:39,ALIBABA GROUP HOLDING,US01609W1027,NSY,ARCX,-1,266.0000,USD,266.00,USD,219.36,EUR,1.2114,-0.50,EUR,218.86,EUR,e1df3ee3-c878-4903-a544-5020ecb1e276
19-01-2021,15:30,ALIBABA GROUP HOLDING,US01609W1027,NSY,XNYS,-2,250.0000,USD,500.00,USD,411.04,EUR,1.2152,-0.51,EUR,410.53,EUR,921f031a-3c52-4c10-844c-9619c5aef542
07-01-2021,21:57,MICROSOFT CORPORATION,US5949181045,NDQ,CDED,1,218.3200,USD,-218.32,USD,-178.00,EUR,1.2253,-0.50,EUR,-178.50,EUR,e3dcabd0-720c-4de5-9b9c-b85e9db774a8
07-01-2021,21:56,ALIBABA GROUP HOLDING,US01609W1027,NSY,CDED,2,226.5300,USD,-453.06,USD,-369.42,EUR,1.2252,-0.51,EUR,-369.93,EUR,a0bed245-27a9-4019-af6f-32063b5aa518
07-01-2021,21:56,TESLA MOTORS INC. - C,US88160R1014,NDQ,XNAS,-1,816.0000,USD,816.00,USD,664.03,EUR,1.2276,-0.50,EUR,663.53,EUR,3b3a6760-7580-45b2-be59-65a37bc018f6
06-01-2021,15:43,ALPHABET INC. - CLASS A,US02079K3059,NDQ,CDED,-1,1706.4400,USD,1706.44,USD,1383.57,EUR,1.2321,-0.50,EUR,1383.07,EUR,16db6d4a-0d6a-4dfe-adf2-91dc2cd7a2b8
24-12-2020,15:35,ALIBABA GROUP HOLDING,US01609W1027,NSY,CDED,3,226.5000,USD,-679.50,USD,-557.56,EUR,1.2175,-0.51,EUR,-558.07,EUR,c87a0740-839d-4bd2-87aa-0cf3224ea6ab
18-12-2020,21:51,ACTIVISION BLIZZARD I,US00507V1098,NDQ,XNAS,-2,90.0000,USD,180.00,USD,146.72,EUR,1.2256,-0.51,EUR,146.21,EUR,2672b95f-97b4-43da-a9f6-071ee96b8258
17-12-2020,21:41,TESLA MOTORS INC. - C,US88160R1014,NDQ,XNAS,-1,650.0000,USD,650.00,USD,529.08,EUR,1.2273,-0.50,EUR,528.58,EUR,5fce8dc5-c388-45a2-a2f3-88508a20df79
11-12-2020,15:50,CD PROJEKT RED SA,PLOPTTC00011,WSE,XWAR,2,320.6000,PLN,-641.20,PLN,-144.48,EUR,4.4381,-0.36,EUR,-144.84,EUR,0bb27628-7a1f-460e-9c30-2d69d3f61fb7
10-12-2020,15:33,ALPHABET INC. - CLASS A,US02079K3059,NDQ,CDED,1,1746.6500,USD,-1746.65,USD,-1441.72,EUR,1.2103,-0.50,EUR,-1442.22,EUR,13d62c44-4899-4031-98b2-29824b4563cc
10-12-2020,13:31,CD PROJEKT RED SA,PLOPTTC00011,WSE,XWAR,1,360.8000,PLN,-360.80,PLN,-81.44,EUR,4.4300,-0.30,EUR,-81.74,EUR,90eda9bb-cd8f-43b4-ac1a-848f85cb3720
09-12-2020,19:54,SNOWFLAKE INC-CLASS A,US8334451098,NSY,XNAS,1,366.0000,USD,-366.00,USD,-303.43,EUR,1.2050,-0.50,EUR,-303.93,EUR,dd0361e5-5e63-4635-b691-13acebd0e207
09-12-2020,19:26,TESLA MOTORS INC. - C,US88160R1014,NDQ,CDED,1,620.2800,USD,-620.28,USD,-514.03,EUR,1.2055,-0.50,EUR,-514.53,EUR,cdeea54b-452d-40ca-8add-ddc7b909bae9
09-12-2020,15:52,SNOWFLAKE INC-CLASS A,US8334451098,NSY,XNAS,1,388.0000,USD,-388.00,USD,-320.71,EUR,1.2086,-0.50,EUR,-321.21,EUR,c959124a-36b1-4e3d-909f-af1e49a0b075
07-12-2020,15:48,TESLA MOTORS INC. - C,US88160R1014,NDQ,XNAS,-1,618.0000,USD,618.00,USD,507.33,EUR,1.2169,-0.50,EUR,506.83,EUR,c4c2abe7-56cc-4e71-af37-b66845c7ffbc
04-12-2020,17:26,SNOWFLAKE INC-CLASS A,US8334451098,NSY,CDED,-1,378.6900,USD,378.69,USD,311.44,EUR,1.2147,-0.50,EUR,310.94,EUR,7dfd65fd-e7a9-4c35-8ac8-138e1703dc43
03-12-2020,19:15,SNOWFLAKE INC-CLASS A,US8334451098,NSY,ARCX,-1,340.0000,USD,340.00,USD,279.60,EUR,1.2148,-0.50,EUR,279.10,EUR,268a4f4e-161f-46ec-adff-5450deb9e013
03-12-2020,17:02,SNOWFLAKE INC-CLASS A,US8334451098,NSY,ARCX,-1,328.0000,USD,328.00,USD,269.20,EUR,1.2172,-0.50,EUR,268.70,EUR,eac5af6b-ce28-4015-a6f9-9145e5fb11b1
03-12-2020,15:40,TESLA MOTORS INC. - C,US88160R1014,NDQ,CDED,-1,592.4900,USD,592.49,USD,486.75,EUR,1.2160,-0.50,EUR,486.25,EUR,97f0e7d1-626c-41c0-b726-3920a1d5bd02
03-12-2020,15:19,VIATRIS INC.  O.N.,US92556V1061,FRA,,1,0.0000,EUR,0.00,EUR,0.00,EUR,,,,0.00,EUR,
03-12-2020,15:19,PFIZER INC - NON TRADEABLE,US92556V1061,DEG,,-1,0.0000,EUR,0.00,EUR,0.00,EUR,,,,0.00,EUR,
02-12-2020,16:58,SNOWFLAKE INC-CLASS A,US8334451098,NSY,XNYS,1,299.0000,USD,-299.00,USD,-247.58,EUR,1.2065,-0.50,EUR,-248.08,EUR,aa03464c-9ba3-4341-b11d-8cc21fb502a7
02-12-2020,15:37,TESLA MOTORS INC. - C,US88160R1014,NDQ,XNAS,1,550.0000,USD,-550.00,USD,-455.64,EUR,1.2059,-0.50,EUR,-456.14,EUR,4e429634-9614-49fe-b83b-ec0840d7b9ea
02-12-2020,15:35,ALIBABA GROUP HOLDING,US01609W1027,NSY,CDED,1,260.3800,USD,-260.38,USD,-215.74,EUR,1.2057,-0.50,EUR,-216.24,EUR,3d91e048-8c60-4040-a407-7984f51c3aff
02-12-2020,15:33,TESLA MOTORS INC. - C,US88160R1014,NDQ,XNAS,1,551.0000,USD,-551.00,USD,-456.47,EUR,1.2059,-0.50,EUR,-456.97,EUR,c65af4a6-7e28-4cd5-b925-4b41e0ffbb17
01-12-2020,17:32,SNOWFLAKE INC-CLASS A,US8334451098,NSY,CDED,1,308.3500,USD,-308.35,USD,-255.96,EUR,1.2035,-0.50,EUR,-256.46,EUR,cc9b70c4-53e2-4f02-9dba-e873696361f8
30-11-2020,20:26,APPLE INC. - COMMON ST,US0378331005,NDQ,XNAS,-2,120.0000,USD,240.00,USD,200.49,EUR,1.1959,-0.51,EUR,199.98,EUR,d266015d-5854-4533-95ff-aabeb923810b
27-11-2020,16:01,SNOWFLAKE INC-CLASS A,US8334451098,NSY,CDED,-1,328.2800,USD,328.28,USD,274.32,EUR,1.1955,-0.50,EUR,273.82,EUR,be4ad3df-d2bf-4d5e-81f7-0d04c1318369
27-11-2020,15:42,MODERNA INC. - COMMON,US60770K1079,NDQ,XNAS,-1,120.0000,USD,120.00,USD,100.28,EUR,1.1954,-0.50,EUR,99.78,EUR,b46756ed-650b-4da5-aa05-faba977f3335
25-11-2020,21:02,SNOWFLAKE INC-CLASS A,US8334451098,NSY,SOHO,-1,307.0600,USD,307.06,USD,257.22,EUR,1.1926,-0.50,EUR,256.72,EUR,8b61f524-8624-4fc3-827a-84d385a0d306
24-11-2020,18:57,SNOWFLAKE INC-CLASS A,US8334451098,NSY,XNYS,-1,280.0000,USD,280.00,USD,235.38,EUR,1.1884,-0.50,EUR,234.88,EUR,5f4cb682-7836-47d3-9b61-fa1314cba77d
24-11-2020,18:11,MODERNA INC. - COMMON,US60770K1079,NDQ,CDED,-1,98.6100,USD,98.61,USD,82.92,EUR,1.1880,-0.50,EUR,82.42,EUR,7b554e72-5658-4928-a177-25ae79c23a20
24-11-2020,15:32,TESLA MOTORS INC. - C,US88160R1014,NDQ,ARCX,-1,538.0000,USD,538.00,USD,453.02,EUR,1.1864,-0.50,EUR,452.52,EUR,ad1ea524-c83a-4fb4-8431-a1e3496257db
19-11-2020,15:35,TESLA MOTORS INC. - C,US88160R1014,NDQ,XNAS,-1,493.0000,USD,493.00,USD,416.19,EUR,1.1834,-0.50,EUR,415.69,EUR,609ac58f-fe99-43b1-89e9-4dde105ed33c
19-11-2020,15:32,TESLA MOTORS INC. - C,US88160R1014,NDQ,SOHO,-1,498.1600,USD,498.16,USD,420.51,EUR,1.1835,-0.50,EUR,420.01,EUR,9856e79d-560e-4398-974f-675c3a9e112b
17-11-2020,00:00,PFIZER INC - NON TRADEABLE,US92556V1061,DEG,,1,0.0000,EUR,0.00,EUR,0.00,EUR,,,,0.00,EUR,
16-11-2020,16:14,PFIZER INC. COMMON ST,US7170811035,NSY,CDED,-10,37.1500,USD,371.50,USD,313.35,EUR,1.1844,-0.53,EUR,312.82,EUR,d63d58a9-9cc0-41b6-8f95-36ee5f298f72
10-11-2020,15:47,ALIBABA GROUP HOLDING,US01609W1027,NSY,CDED,1,266.4200,USD,-266.42,USD,-225.72,EUR,1.1791,-0.50,EUR,-226.22,EUR,cd784744-dde8-4087-8e7b-9afcaccbbcae
09-11-2020,15:30,PFIZER INC. COMMON ST,US7170811035,NSY,XNYS,10,41.9400,USD,-419.40,USD,-351.99,EUR,1.1903,-0.53,EUR,-352.52,EUR,643692e0-4a9d-459a-a2e0-0972cdfd2b26
09-11-2020,14:32,PFIZER INC,US7170811035,XET,XETB,10,35.8000,EUR,-358.00,EUR,-358.00,EUR,,-4.18,EUR,-362.18,EUR,fa6db920-9f2a-4ff9-91b9-36d71d6b51ea
09-11-2020,09:17,CD PROJEKT RED SA,PLOPTTC00011,WSE,XWAR,-2,400.0000,PLN,800.00,PLN,178.35,EUR,4.4855,-0.38,EUR,177.97,EUR,ac926ce2-b306-487b-b153-f8cf39ce2bbc
05-11-2020,15:44,TESLA MOTORS INC. - C,US88160R1014,NDQ,CDED,-1,432.1100,USD,432.11,USD,364.41,EUR,1.1846,-0.50,EUR,363.91,EUR,2d676a17-9ba4-4a1d-84b5-205113ce93dc
04-11-2020,20:13,MICROSOFT CORPORATION,US5949181045,NDQ,CDED,-2,217.3600,USD,434.72,USD,370.34,EUR,1.1727,-0.51,EUR,369.83,EUR,8c61d591-76f2-407d-8c6b-cfa198c3e9a5
04-11-2020,09:00,EUR/PLN,,CNX,,360,4.5990,PLN,-1655.64,PLN,-360.00,EUR,4.5990,,,-360.00,EUR,f1e020c7-93cf-40df-a720-d1e2efb13eb6
03-11-2020,15:34,TESLA MOTORS INC. - C,US88160R1014,NDQ,XNAS,-1,408.0000,USD,408.00,USD,347.43,EUR,1.1732,-0.50,EUR,346.93,EUR,f34dae18-dbfc-476b-b23a-accdd126ea25
03-11-2020,15:33,ALIBABA GROUP HOLDING,US01609W1027,NSY,SOHO,1,284.4600,USD,-284.46,USD,-242.78,EUR,1.1705,-0.50,EUR,-243.28,EUR,701b33ad-3241-4867-9225-6016535d5f3d
02-11-2020,22:58,EUR/PLN,,CNX,,-360,4.5990,PLN,1655.64,PLN,360.00,EUR,4.5990,0.00,EUR,360.00,EUR,f1e020c7-93cf-40df-a720-d1e2efb13eb6
30-10-2020,16:45,PROCTER & GAMBLE COMPA,US7427181091,NSY,CDED,3,136.0400,USD,-408.12,USD,-350.14,EUR,1.1644,-0.51,EUR,-350.65,EUR,e09e708c-b491-4ad3-a7c7-3e73a59288a6
30-10-2020,16:44,MICROSOFT CORPORATION,US5949181045,NDQ,ARCX,2,200.0000,USD,-400.00,USD,-342.99,EUR,1.1650,-0.51,EUR,-343.50,EUR,484da388-3db3-460c-a9e4-5701520310bc
30-10-2020,16:43,ALPHABET INC. - CLASS A,US02079K3059,NDQ,XNAS,-1,1615.0000,USD,1615.00,USD,1382.07,EUR,1.1674,-0.50,EUR,1381.57,EUR,c10a7b3b-404d-40de-8f4b-d8d1841159c8
30-10-2020,16:26,TESLA MOTORS INC. - C,US88160R1014,NDQ,CDED,1,386.8600,USD,-386.86,USD,-331.16,EUR,1.1670,-0.50,EUR,-331.66,EUR,ae013402-3e18-4722-b5cb-9f2ee063a9fa
29-10-2020,09:10,CD PROJEKT RED SA,PLOPTTC00011,WSE,XWAR,2,335.3000,PLN,-670.60,PLN,-144.68,EUR,4.6350,-0.35,EUR,-145.03,EUR,7eae7f0e-7f44-4961-9419-ef6d863f9022
28-10-2020,20:59,MICROSOFT CORPORATION,US5949181045,NDQ,CDED,1,202.8500,USD,-202.85,USD,-172.68,EUR,1.1735,-0.50,EUR,-173.18,EUR,94675008-82d7-4287-880a-6b4f1dabeda5
28-10-2020,20:58,SNOWFLAKE INC-CLASS A,US8334451098,NSY,CDED,-1,272.2700,USD,272.27,USD,231.32,EUR,1.1759,-0.50,EUR,230.82,EUR,dfc2f30d-72d1-479e-827a-0287f9249d84
28-10-2020,19:12,ALIBABA GROUP HOLDING,US01609W1027,NSY,CDED,1,308.5500,USD,-308.55,USD,-262.55,EUR,1.1740,-0.50,EUR,-263.05,EUR,6bd477c3-469e-4a5b-8fd2-a6a3176e779a
28-10-2020,19:08,TESLA MOTORS INC. - C,US88160R1014,NDQ,CDED,1,411.8200,USD,-411.82,USD,-350.46,EUR,1.1739,-0.50,EUR,-350.96,EUR,d1779d3d-9998-48c9-a52a-dbf70d0552df
28-10-2020,19:06,MICROSOFT CORPORATION,US5949181045,NDQ,CDED,2,204.9900,USD,-409.98,USD,-348.89,EUR,1.1739,-0.51,EUR,-349.40,EUR,263f266a-e00f-4aca-9d0c-0bd4e9de7fbf
26-10-2020,16:31,SNOWFLAKE INC-CLASS A,US8334451098,NSY,CDED,1,250.5500,USD,-250.55,USD,-212.17,EUR,1.1797,-0.50,EUR,-212.67,EUR,e0a62a52-b73d-4ffe-9874-68dd9d413e9d
23-10-2020,15:49,SNOWFLAKE INC-CLASS A,US8334451098,NSY,XNYS,2,280.0000,USD,-560.00,USD,-472.97,EUR,1.1828,-0.51,EUR,-473.48,EUR,5e3a17dc-d059-427a-b07c-f16786453e3b
22-10-2020,21:29,SNOWFLAKE INC-CLASS A,US8334451098,NSY,XNYS,-1,300.0000,USD,300.00,USD,253.36,EUR,1.1829,-0.50,EUR,252.86,EUR,d548e5af-8e3e-4910-a73e-ea01d3baa2f4
12-10-2020,18:14,MICROSOFT CORPORATION,US5949181045,NDQ,,-2,221.0000,USD,442.00,USD,373.70,EUR,1.1816,-0.51,EUR,373.19,EUR,c43e8ce8-2913-4216-8db3-a2525e3d1193
12-10-2020,15:50,TESLA MOTORS INC. - C,US88160R1014,NDQ,,-1,441.6900,USD,441.69,USD,373.15,EUR,1.1825,-0.50,EUR,372.65,EUR,7ca0ae55-8b95-4211-910c-aa640007c2cf
01-10-2020,19:21,TESLA MOTORS INC. - C,US88160R1014,NDQ,,-1,446.0000,USD,446.00,USD,378.98,EUR,1.1757,-0.50,EUR,378.48,EUR,07040383-5dfe-48e4-8a9a-575d8043f5c4
01-10-2020,15:36,TESLA MOTORS INC. - C,US88160R1014,NDQ,,-2,439.2100,USD,878.42,USD,746.35,EUR,1.1758,-0.51,EUR,745.84,EUR,15b9b3eb-4141-4e12-bf42-048b8f42af1f
21-09-2020,16:06,SNOWFLAKE INC-CLASS A,US8334451098,NSY,,1,229.5000,USD,-229.50,USD,-195.27,EUR,1.1741,-0.50,EUR,-195.77,EUR,1173cba9-5610-4785-92ae-07fe9abb0f93
17-09-2020,15:30,SNOWFLAKE INC-CLASS A,US8334451098,NSY,,2,230.0000,USD,-460.00,USD,-389.76,EUR,1.1790,-0.51,EUR,-390.27,EUR,f99f6980-bac0-4c8f-843f-dc4cdd03787f
16-09-2020,21:52,TESLA MOTORS INC. - C,US88160R1014,NDQ,,-1,441.3200,USD,441.32,USD,373.35,EUR,1.1809,-0.50,EUR,372.85,EUR,b239bb3c-fd64-42ca-abd8-2a4887d5b82a
15-09-2020,16:58,ALPHABET INC. - CLASS A,US02079K3059,NDQ,,1,1541.0000,USD,-1541.00,USD,-1300.09,EUR,1.1841,-0.50,EUR,-1300.59,EUR,983a32ff-307a-44ea-b811-9be329ea6301
15-09-2020,16:57,TESLA MOTORS INC. - C,US88160R1014,NDQ,,-3,442.1100,USD,1326.33,USD,1116.56,EUR,1.1867,-0.51,EUR,1116.05,EUR,1bd6cdc6-31fa-45ab-af94-8cd592561b0d
15-09-2020,16:17,MICROSOFT CORPORATION,US5949181045,NDQ,,2,208.0700,USD,-416.14,USD,-351.35,EUR,1.1832,-0.51,EUR,-351.86,EUR,c7871143-c235-41ae-971d-94dc66b9e470
14-09-2020,16:36,MICROSOFT CORPORATION,US5949181045,NDQ,,2,208.3400,USD,-416.68,USD,-350.83,EUR,1.1865,-0.51,EUR,-351.34,EUR,62fc5ce3-a585-414d-bd53-23923307f162
14-09-2020,16:35,APPLE INC. - COMMON ST,US0378331005,NDQ,,4,114.6100,USD,-458.44,USD,-385.92,EUR,1.1867,-0.51,EUR,-386.43,EUR,b8dd4eb0-6562-4a78-8c2b-3f3b4f76efb4
14-09-2020,16:34,TESLA MOTORS INC. - C,US88160R1014,NDQ,,-3,393.6700,USD,1181.01,USD,992.21,EUR,1.1891,-0.51,EUR,991.70,EUR,db6d0505-274a-4988-9e0e-cc1563739c26
14-09-2020,15:35,APPLE INC. - COMMON ST,US0378331005,NDQ,,1,113.8500,USD,-113.85,USD,-95.86,EUR,1.1865,-0.50,EUR,-96.36,EUR,d8cb1090-eeff-4560-bd92-3bf53bdb0017
08-09-2020,15:30,TESLA MOTORS INC. - C,US88160R1014,NDQ,,2,355.5000,USD,-711.00,USD,-603.57,EUR,1.1768,-0.51,EUR,-604.08,EUR,6515ac46-34e1-4356-ae2d-e5bba41c584a
03-09-2020,21:15,APPLE INC. - COMMON ST,US0378331005,NDQ,,3,121.7400,USD,-365.22,USD,-308.07,EUR,1.1843,-0.51,EUR,-308.58,EUR,1ef8705d-f8e6-4029-babb-69fe6319d8c4
03-09-2020,17:05,TESLA MOTORS INC. - C,US88160R1014,NDQ,,2,408.0880,USD,-816.18,USD,-689.80,EUR,1.1820,-0.51,EUR,-690.31,EUR,3d910fea-710f-46b6-bb97-33d6e245cf0c
03-09-2020,17:05,ALPHABET INC. - CLASS A,US02079K3059,NDQ,,-1,1658.2100,USD,1658.21,USD,1398.66,EUR,1.1844,-0.50,EUR,1398.16,EUR,c4bb4244-2b94-4e7c-8cb8-2dc0935f480a
03-09-2020,16:00,ALLIANZ CHINA EQUITY-P USD I,LU0348832204,KFS,,0.552000,1794.6800,USD,-990.66,USD,-836.14,EUR,1.1836,-8.34,EUR,-844.48,EUR,92014a26-cacd-490f-8481-8146aab2e3fa
02-09-2020,18:01,TESLA MOTORS INC. - C,US88160R1014,NDQ,,1,436.6000,USD,-436.60,USD,-368.75,EUR,1.1828,-0.50,EUR,-369.25,EUR,978fd429-c6ed-486b-b1b0-5762f1ab1669
02-09-2020,17:27,TESLA MOTORS INC. - C,US88160R1014,NDQ,,3,425.4700,USD,-1276.41,USD,-1078.96,EUR,1.1818,-0.51,EUR,-1079.47,EUR,abaeba40-0bc9-4722-a564-1fa70d491826
02-09-2020,15:51,TESLA MOTORS INC. - C,US88160R1014,NDQ,,1,454.3100,USD,-454.31,USD,-384.00,EUR,1.1819,-0.50,EUR,-384.50,EUR,41c7069b-8b68-4942-953c-e72ce8e81534
02-09-2020,15:32,TESLA MOTORS INC. - C,US88160R1014,NDQ,,2,471.9100,USD,-943.82,USD,-797.68,EUR,1.1820,-0.51,EUR,-798.19,EUR,af9bc4c9-70c4-43bb-8210-b78a0c6e9c73
01-09-2020,15:38,TESLA MOTORS INC. - C,US88160R1014,NDQ,,2,492.0000,USD,-984.00,USD,-821.71,EUR,1.1963,-0.51,EUR,-822.22,EUR,241d6dd4-3f76-4655-8b13-c806ebde28f5
31-08-2020,15:42,APPLE INC. - COMMON ST,US0378331005,NDQ,,3,127.7890,USD,-383.37,USD,-321.24,EUR,1.1922,-0.51,EUR,-321.75,EUR,0b66a17f-13a3-4380-a603-5c325e08abac
31-08-2020,15:37,TESLA MOTORS INC. - C,US88160R1014,NDQ,,2,444.9140,USD,-889.83,USD,-745.69,EUR,1.1921,-0.51,EUR,-746.20,EUR,503e130a-bfaf-43fa-88fe-e3204b87a0d9
26-08-2020,19:20,MODERNA INC. - COMMON,US60770K1079,NDQ,,-1,70.4600,USD,70.46,USD,59.42,EUR,1.1846,-0.50,EUR,58.92,EUR,841fee9c-3daa-4b70-a9c9-f6e00ab5be9e
26-08-2020,19:20,ELECTRONIC ARTS INC. -,US2855121099,NDQ,,-2,143.2600,USD,286.52,USD,241.63,EUR,1.1846,-0.51,EUR,241.12,EUR,d784892e-be95-445e-b2fa-2c1a6f19120e
26-08-2020,15:40,ACTIVISION BLIZZARD I,US00507V1098,NDQ,,-2,83.6200,USD,167.24,USD,141.29,EUR,1.1825,-0.51,EUR,140.78,EUR,2a59fd5c-8398-4b9a-b3c3-b91f338e97f0
26-08-2020,15:38,TESLA MOTORS INC. - C,US88160R1014,NDQ,,-1,2059.4500,USD,2059.45,USD,1740.04,EUR,1.1824,-0.50,EUR,1739.54,EUR,7014f832-62ad-46c8-93f0-4eae41668948
24-08-2020,20:59,TESLA MOTORS INC. - C,US88160R1014,NDQ,,1,2004.9200,USD,-2004.92,USD,-1699.95,EUR,1.1782,-0.50,EUR,-1700.45,EUR,392f5d3a-6adb-4540-8f5b-8a76cf6160a7
24-08-2020,18:17,TESLA MOTORS INC. - C,US88160R1014,NDQ,,-1,2051.0000,USD,2051.00,USD,1733.93,EUR,1.1817,-0.50,EUR,1733.43,EUR,fc874198-e0ba-4e95-8074-76e17db5fa1c
24-08-2020,16:26,TESLA MOTORS INC. - C,US88160R1014,NDQ,,1,1989.6220,USD,-1989.62,USD,-1683.12,EUR,1.1809,-0.50,EUR,-1683.62,EUR,53904e89-4c95-4862-b568-59257095a242
24-08-2020,16:25,ELECTRONIC ARTS INC. -,US2855121099,NDQ,,5,142.4800,USD,-712.40,USD,-602.55,EUR,1.1811,-0.52,EUR,-603.07,EUR,92571f5b-20b7-4fd5-bc28-0c6bc9c6569f
24-08-2020,15:30,ACTIVISION BLIZZARD I,US00507V1098,NDQ,,7,83.3400,USD,-583.38,USD,-492.80,EUR,1.1826,-0.52,EUR,-493.32,EUR,b9b61267-543d-44bd-a1d2-c512a54ba719
19-08-2020,15:51,TESLA MOTORS INC. - C,US88160R1014,NDQ,,-1,1870.0000,USD,1870.00,USD,1562.12,EUR,1.1959,-0.50,EUR,1561.62,EUR,fbd6a9d3-28f0-4c62-89bc-68331de469dc
19-08-2020,15:34,TESLA MOTORS INC. - C,US88160R1014,NDQ,,1,1860.0000,USD,-1860.00,USD,-1557.40,EUR,1.1931,-0.50,EUR,-1557.90,EUR,e301f117-5a00-4bef-998c-d2d2bb8a7765
18-08-2020,16:53,TESLA MOTORS INC. - C,US88160R1014,NDQ,,-1,1911.0000,USD,1911.00,USD,1598.51,EUR,1.1943,-0.50,EUR,1598.01,EUR,ead320ba-8af3-4b59-b0d4-c33f6f421777
18-08-2020,15:39,TESLA MOTORS INC. - C,US88160R1014,NDQ,,1,1888.0000,USD,-1888.00,USD,-1578.86,EUR,1.1946,-0.50,EUR,-1579.36,EUR,51bea29d-d6ab-4cb5-ac2a-e3866a8efb00
12-08-2020,16:40,TESLA MOTORS INC. - C,US88160R1014,NDQ,,-1,1482.0000,USD,1482.00,USD,1254.06,EUR,1.1806,-0.50,EUR,1253.56,EUR,62094a8c-eb1e-43c6-91a5-c33ac2a27d3a
12-08-2020,15:30,TESLA MOTORS INC. - C,US88160R1014,NDQ,,-1,1469.9800,USD,1469.98,USD,1243.89,EUR,1.1806,-0.50,EUR,1243.39,EUR,8f593415-832a-4817-91fd-033d1280675a
12-08-2020,15:30,TESLA MOTORS INC. - C,US88160R1014,NDQ,,-1,1469.9800,USD,1469.98,USD,1243.89,EUR,1.1806,-0.50,EUR,1243.39,EUR,651d3906-02b8-42fb-aa27-70d391150769
11-08-2020,15:40,TESLA MOTORS INC. - C,US88160R1014,NDQ,,1,1389.3400,USD,-1389.34,USD,-1180.81,EUR,1.1754,-0.50,EUR,-1181.31,EUR,9e964d27-c361-4073-a9e0-b256b922f4c9
10-08-2020,20:13,TESLA MOTORS INC. - C,US88160R1014,NDQ,,1,1414.0000,USD,-1414.00,USD,-1203.40,EUR,1.1738,-0.50,EUR,-1203.90,EUR,7f5ef6fa-42b8-4d04-a19f-28fbaf23236d
10-08-2020,19:25,TESLA MOTORS INC. - C,US88160R1014,NDQ,,-1,1434.4500,USD,1434.45,USD,1217.95,EUR,1.1766,-0.50,EUR,1217.45,EUR,71faa679-4492-42d7-9e1c-cc42b1060f85
10-08-2020,16:50,TESLA MOTORS INC. - C,US88160R1014,NDQ,,1,1400.0000,USD,-1400.00,USD,-1190.17,EUR,1.1751,-0.50,EUR,-1190.67,EUR,24a71a05-7e50-4dfe-861f-c2cd2990f14f
06-08-2020,19:58,ALPHABET INC. - CLASS A,US02079K3059,NDQ,,-1,1501.3500,USD,1501.35,USD,1261.34,EUR,1.1891,-0.50,EUR,1260.84,EUR,fd2005f6-1956-43fe-b9a8-6a1c421cc465
03-08-2020,15:49,CD PROJEKT RED SA,PLOPTTC00011,WSE,,-1,418.0000,PLN,418.00,PLN,94.59,EUR,4.4192,-0.32,EUR,94.27,EUR,70fb7d28-4323-45ba-b57c-0052c804d786
03-08-2020,15:39,MICROSOFT CORPORATION,US5949181045,NDQ,,-1,213.7600,USD,213.76,USD,182.32,EUR,1.1713,-0.50,EUR,181.82,EUR,9e9da7f4-5f4c-4052-a70d-ac6792accfca
31-07-2020,17:57,APPLE INC. - COMMON ST,US0378331005,NDQ,,-1,410.2200,USD,410.22,USD,346.39,EUR,1.1831,-0.50,EUR,345.89,EUR,bc949d56-de8e-4350-8160-862e1988e37d
31-07-2020,15:35,ALPHABET INC. - CLASS A,US02079K3059,NDQ,,1,1480.0000,USD,-1480.00,USD,-1253.49,EUR,1.1795,-0.50,EUR,-1253.99,EUR,945728cb-41aa-46f6-8e39-ccd43deae1da
31-07-2020,15:30,APPLE INC. - COMMON ST,US0378331005,NDQ,,-1,411.5000,USD,411.50,USD,347.35,EUR,1.1835,-0.50,EUR,346.85,EUR,772c4f0f-36f0-4d65-a4aa-256c4dc1e5f9
30-07-2020,17:41,ALPHABET INC. - CLASS A,US02079K3059,NDQ,,-1,1519.9700,USD,1519.97,USD,1287.72,EUR,1.1792,-0.50,EUR,1287.22,EUR,dd585103-b489-4a05-a43b-3a48be9a2ed0
30-07-2020,15:30,ALPHABET INC. - CLASS A,US02079K3059,NDQ,,1,1500.0000,USD,-1500.00,USD,-1272.05,EUR,1.1780,-0.50,EUR,-1272.55,EUR,8e7918fa-f63e-4744-8786-2af509b90dda
29-07-2020,18:41,MICROSOFT CORPORATION,US5949181045,NDQ,,-2,203.6400,USD,407.28,USD,345.22,EUR,1.1786,-0.51,EUR,344.71,EUR,bf60e934-cef0-4503-b240-75d68387c2de
29-07-2020,18:40,APPLE INC. - COMMON ST,US0378331005,NDQ,,-1,377.4800,USD,377.48,USD,319.94,EUR,1.1787,-0.50,EUR,319.44,EUR,fdcb08bc-89b7-4510-9c7a-330c6e116be6
29-07-2020,16:51,APPLE INC. - COMMON ST,US0378331005,NDQ,,-1,378.3400,USD,378.34,USD,320.67,EUR,1.1787,-0.50,EUR,320.17,EUR,f840cc5d-a54a-45a4-bb6a-d9549560a20f
29-07-2020,16:48,ALPHABET INC. - CLASS A,US02079K3059,NDQ,,-1,1521.4100,USD,1521.41,USD,1289.60,EUR,1.1786,-0.50,EUR,1289.10,EUR,2b84779e-5592-419f-9c05-7e7d3ea1a524
29-07-2020,16:02,MICROSOFT CORPORATION,US5949181045,NDQ,,-2,204.0000,USD,408.00,USD,346.25,EUR,1.1772,-0.51,EUR,345.74,EUR,416ab655-9361-49c4-a1bd-5be78e4c9b62
27-07-2020,19:41,TESLA MOTORS INC. - C,US88160R1014,NDQ,,-1,1475.0000,USD,1475.00,USD,1252.38,EUR,1.1766,-0.50,EUR,1251.88,EUR,68833daa-940e-429e-8717-4c107aed824b
27-07-2020,16:09,INTEL CORPORATION - CO,US4581401001,NDQ,,1,50.3600,USD,-50.36,USD,-42.83,EUR,1.1747,-0.50,EUR,-43.33,EUR,3490996c-1f21-4c16-ac73-2ed299d59c47
27-07-2020,16:07,TESLA MOTORS INC. - C,US88160R1014,NDQ,,1,1465.6400,USD,-1465.64,USD,-1246.50,EUR,1.1746,-0.50,EUR,-1247.00,EUR,2d862850-74c6-469b-ad5e-3763c88b4374
27-07-2020,16:00,TESLA MOTORS INC. - C,US88160R1014,NDQ,,-1,1480.0000,USD,1480.00,USD,1256.10,EUR,1.1771,-0.50,EUR,1255.60,EUR,59a63759-c88a-4261-8898-c99061323e22
24-07-2020,17:15,MICROSOFT CORPORATION,US5949181045,NDQ,,1,202.0300,USD,-202.03,USD,-173.68,EUR,1.1620,-0.50,EUR,-174.18,EUR,7692fd16-73f6-4365-a635-9bf4f96bee44
24-07-2020,16:55,APPLE INC. - COMMON ST,US0378331005,NDQ,,1,367.7200,USD,-367.72,USD,-316.16,EUR,1.1619,-0.50,EUR,-316.66,EUR,8508d7f4-f949-4b04-acd7-22c4261d888c
24-07-2020,16:54,MICROSOFT CORPORATION,US5949181045,NDQ,,1,201.5100,USD,-201.51,USD,-173.21,EUR,1.1622,-0.50,EUR,-173.71,EUR,3b9b5ca8-9d06-44f0-91b6-8e6e3786da30
24-07-2020,15:30,TESLA MOTORS INC. - C,US88160R1014,NDQ,,1,1416.0100,USD,-1416.01,USD,-1219.33,EUR,1.1601,-0.50,EUR,-1219.83,EUR,553da98c-78f5-4018-8cca-3c582e95bf9b
21-07-2020,19:28,TESLA MOTORS INC. - C,US88160R1014,NDQ,,-1,1587.0700,USD,1587.07,USD,1375.51,EUR,1.1527,-0.50,EUR,1375.01,EUR,0edd5b11-903f-49d8-9a3a-50bb4dfe4da2
21-07-2020,19:15,TESLA MOTORS INC. - C,US88160R1014,NDQ,,1,1560.0000,USD,-1560.00,USD,-1354.64,EUR,1.1504,-0.50,EUR,-1355.14,EUR,5bcfff96-3ecf-4616-8a41-0684e7244c34
21-07-2020,17:58,PROCTER & GAMBLE COMPA,US7427181091,NSY,,3,125.8600,USD,-377.58,USD,-328.50,EUR,1.1483,-0.51,EUR,-329.01,EUR,6c4e9024-565f-430b-9fa2-0572319db01d
20-07-2020,20:48,TESLA MOTORS INC. - C,US88160R1014,NDQ,,-1,1621.0000,USD,1621.00,USD,1414.00,EUR,1.1452,-0.50,EUR,1413.50,EUR,5acbf22e-5665-454a-bf33-db04786e71d3
17-07-2020,17:30,MODERNA INC. - COMMON,US60770K1079,NDQ,,-2,89.0000,USD,178.00,USD,155.39,EUR,1.1443,-0.51,EUR,154.88,EUR,182b5f27-dbf5-40b0-8a2a-747a5ee3a982
17-07-2020,13:21,CCC SA,PLCCC0000016,WSE,,-10,61.0000,PLN,610.00,PLN,136.11,EUR,4.4816,-0.34,EUR,135.77,EUR,8ebddeb4-d6eb-4480-a91d-4fe13dd3a1ea
16-07-2020,20:45,GENERAL ELECTRIC COMPA,US3696041033,NSY,,-5,7.0600,USD,35.30,USD,30.95,EUR,1.1393,-0.52,EUR,30.43,EUR,8cad78c9-f605-49ba-bb13-26770ec3fa23
16-07-2020,16:23,APPLE INC. - COMMON ST,US0378331005,NDQ,,1,385.7900,USD,-385.79,USD,-337.46,EUR,1.1421,-0.50,EUR,-337.96,EUR,bb935158-57e8-4c89-8d0e-ba4bfb148045
16-07-2020,16:23,MICROSOFT CORPORATION,US5949181045,NDQ,,1,203.8800,USD,-203.88,USD,-178.34,EUR,1.1421,-0.50,EUR,-178.84,EUR,dd457b50-52b1-468d-aa85-c84a5588a181
15-07-2020,17:04,MODERNA INC. - COMMON,US60770K1079,NDQ,,3,82.8100,USD,-248.43,USD,-217.56,EUR,1.1408,-0.51,EUR,-218.07,EUR,b1f748fc-60e0-4f63-acf1-36d7641c6606
15-07-2020,09:00,AGORA SA,PLAGORA00067,WSE,,-30,8.8600,PLN,265.80,PLN,59.45,EUR,4.4712,-0.27,EUR,59.18,EUR,150baff2-7577-49f4-a436-b2cee14b176b
14-07-2020,16:26,INOVIO PHARMACEUTICALS,US45773H2013,NDQ,,-4,24.8300,USD,99.32,USD,86.96,EUR,1.1410,-0.51,EUR,86.45,EUR,3ef6e31e-12b1-4acc-a673-db0b853a3a00
14-07-2020,15:31,TESLA MOTORS INC. - C,US88160R1014,NDQ,,1,1529.7800,USD,-1529.78,USD,-1346.28,EUR,1.1352,-0.50,EUR,-1346.78,EUR,8d0842a6-820e-4a05-8c40-af828fad1fb7
14-07-2020,15:31,CD PROJEKT RED SA,PLOPTTC00011,WSE,,-1,356.2000,PLN,356.20,PLN,79.31,EUR,4.4912,-0.29,EUR,79.02,EUR,afb2795e-c2ac-497e-9fdf-cab074c69546
13-07-2020,21:55,TESLA MOTORS INC. - C,US88160R1014,NDQ,,1,1480.0000,USD,-1480.00,USD,-1304.54,EUR,1.1334,-0.50,EUR,-1305.04,EUR,c512cbf9-308b-4ab2-a7b9-5dbc68cdc5a1
13-07-2020,15:30,TESLA MOTORS INC. - C,US88160R1014,NDQ,,-1,1659.0000,USD,1659.00,USD,1459.78,EUR,1.1353,-0.50,EUR,1459.28,EUR,ca7c139f-f4ce-4632-83e9-dd7904a5e8b4
13-07-2020,12:16,CD PROJEKT RED SA,PLOPTTC00011,WSE,,1,373.4000,PLN,-373.40,PLN,-83.62,EUR,4.4653,-0.30,EUR,-83.92,EUR,8e85e4ac-dfc4-40d4-a6dd-687e8057ad0e
09-07-2020,19:16,ALPHABET INC. - CLASS A,US02079K3059,NDQ,,-1,1516.5500,USD,1516.55,USD,1340.35,EUR,1.1303,-0.50,EUR,1339.85,EUR,078c5d0a-a15d-4b41-ba13-cb7a4a02a650
09-07-2020,17:30,ALPHABET INC. - CLASS A,US02079K3059,NDQ,,1,1503.2800,USD,-1503.28,USD,-1330.22,EUR,1.1290,-0.50,EUR,-1330.72,EUR,ec7a160c-85b6-4004-bccb-a6bc54c80189
09-07-2020,15:57,ALPHABET INC. - CLASS A,US02079K3059,NDQ,,-1,1524.0400,USD,1524.04,USD,1342.69,EUR,1.1339,-0.50,EUR,1342.19,EUR,d1b503ff-30a6-4a68-83ee-9a5560991ba7
07-07-2020,20:57,ALPHABET INC. - CLASS A,US02079K3059,NDQ,,1,1497.2800,USD,-1497.28,USD,-1326.67,EUR,1.1275,-0.50,EUR,-1327.17,EUR,fd398315-a2dd-48d2-b015-21ab46268eeb
07-07-2020,18:46,ALPHABET INC. - CLASS A,US02079K3059,NDQ,,1,1509.9000,USD,-1509.90,USD,-1337.14,EUR,1.1281,-0.50,EUR,-1337.64,EUR,ee5b1eb8-aef1-472e-96f3-fadf89952a88
07-07-2020,18:10,TESLA MOTORS INC. - C,US88160R1014,NDQ,,1,1401.0000,USD,-1401.00,USD,-1240.15,EUR,1.1286,-0.50,EUR,-1240.65,EUR,fc3f9abb-beb9-4be0-b0ec-d1168caa1716
07-07-2020,17:37,TESLA MOTORS INC. - C,US88160R1014,NDQ,,-1,1409.2100,USD,1409.21,USD,1244.71,EUR,1.1310,-0.50,EUR,1244.21,EUR,0d58ca0f-ba6f-4ae4-87dc-f35138728ab4
07-07-2020,17:33,TESLA MOTORS INC. - C,US88160R1014,NDQ,,1,1407.0000,USD,-1407.00,USD,-1245.24,EUR,1.1288,-0.50,EUR,-1245.74,EUR,787b01a7-dca6-428c-9da2-029632608354
06-07-2020,16:34,ALPHABET INC. - CLASS A,US02079K3059,NDQ,,-1,1494.2000,USD,1494.20,USD,1318.03,EUR,1.1325,-0.50,EUR,1317.53,EUR,907dcffe-72bd-48d5-b83d-de37aeca2a1d
06-07-2020,15:55,TESLA MOTORS INC. - C,US88160R1014,NDQ,,-1,1296.7000,USD,1296.70,USD,1142.00,EUR,1.1343,-0.50,EUR,1141.50,EUR,0b584447-b46a-43cf-b62a-27fbfeea3848
02-07-2020,21:17,ALPHABET INC. - CLASS A,US02079K3059,NDQ,,-1,1476.5900,USD,1476.59,USD,1311.53,EUR,1.1247,-0.50,EUR,1311.03,EUR,3035dd3a-8293-4bec-9c22-cbf79e493930
02-07-2020,17:41,TESLA MOTORS INC. - C,US88160R1014,NDQ,,1,1196.0000,USD,-1196.00,USD,-1063.96,EUR,1.1230,-0.50,EUR,-1064.46,EUR,0b14697b-ea4f-476d-ab91-42a262311786
30-06-2020,16:30,TESLA MOTORS INC. - C,US88160R1014,NDQ,,-1,1045.0000,USD,1045.00,USD,929.26,EUR,1.1234,-0.50,EUR,928.76,EUR,2b9604d8-cf5b-4ca0-920f-5308ae1a1f5f
23-06-2020,21:27,TESLA MOTORS INC. - C,US88160R1014,NDQ,ARCX,-1,999.0000,USD,999.00,USD,881.68,EUR,1.1319,-0.50,EUR,881.18,EUR,eaa20cf3-87e7-4bf7-bc7f-8b36a97254a7
23-06-2020,20:57,INOVIO PHARMACEUTICALS,US45773H2013,NDQ,SOHO,8,20.5800,USD,-164.64,USD,-145.52,EUR,1.1303,-0.53,EUR,-146.05,EUR,e64e5651-454f-4fa5-adcd-68a2f2951c28
23-06-2020,16:06,MICROSOFT CORPORATION,US5949181045,NDQ,CDED,2,202.1900,USD,-404.38,USD,-357.01,EUR,1.1316,-0.51,EUR,-357.52,EUR,e246b3ed-5cf4-4c37-b34a-3b7b8fa8496b
23-06-2020,16:02,TESLA MOTORS INC. - C,US88160R1014,NDQ,CDED,1,1004.4500,USD,-1004.45,USD,-886.31,EUR,1.1322,-0.50,EUR,-886.81,EUR,b5e79e0e-a4af-41f5-b9a7-9fb33f83fa97
23-06-2020,16:01,ALPHABET INC. - CLASS A,US02079K3059,NDQ,CDED,1,1450.0100,USD,-1450.01,USD,-1279.46,EUR,1.1322,-0.50,EUR,-1279.96,EUR,582d994a-6e2a-43f4-b2a9-d103470fa906
23-06-2020,15:59,CD PROJEKT RED SA,PLOPTTC00011,WSE,XWAR,2,400.6000,PLN,-801.20,PLN,-180.22,EUR,4.4457,-0.38,EUR,-180.60,EUR,7541e2b3-52d0-4d86-bec0-2b9b64d757e9
23-06-2020,15:59,APPLE INC. - COMMON ST,US0378331005,NDQ,CDED,2,364.9800,USD,-729.96,USD,-644.27,EUR,1.1319,-0.51,EUR,-644.78,EUR,b9d5efbd-bfc9-43c7-83a8-8bb0ba38b22d
23-06-2020,15:58,TESLA MOTORS INC. - C,US88160R1014,NDQ,CDED,1,1003.3700,USD,-1003.37,USD,-885.59,EUR,1.1319,-0.50,EUR,-886.09,EUR,c71afbcb-4686-4345-8271-385c054115b8
18-06-2020,16:00,ALPHABET INC. - CLASS A,US02079K3059,NDQ,XNAS,1,1440.0000,USD,-1440.00,USD,-1283.88,EUR,1.1205,-0.50,EUR,-1284.38,EUR,9607bd30-68a2-45c7-8dac-72d87c40c220
17-06-2020,20:45,AMAZON.COM INC. - COM,US0231351067,NDQ,CDED,-1,2649.3000,USD,2649.30,USD,2353.58,EUR,1.1245,-0.50,EUR,2353.08,EUR,b58a99f3-9634-45a5-a5e8-6efd56c1934e
17-06-2020,20:44,ALPHABET INC. - CLASS A,US02079K3059,NDQ,CDED,-1,1460.4300,USD,1460.43,USD,1297.30,EUR,1.1246,-0.50,EUR,1296.80,EUR,299e92cb-95dd-44f9-a69c-ccb5a7360cb6
16-06-2020,16:38,ALIBABA GROUP HOLDING,US01609W1027,NSY,CDED,-1,223.7000,USD,223.70,USD,198.45,EUR,1.1261,-0.50,EUR,197.95,EUR,15b59844-a6ed-40da-a6eb-837f8f5e7c29
15-06-2020,20:15,TESLA MOTORS INC. - C,US88160R1014,NDQ,CDED,-1,977.1200,USD,977.12,USD,860.85,EUR,1.1339,-0.50,EUR,860.35,EUR,d2f5e3b8-8ae1-4142-a153-b027e66ff4b8
15-06-2020,15:39,TESLA MOTORS INC. - C,US88160R1014,NDQ,XNAS,1,921.0000,USD,-921.00,USD,-818.45,EUR,1.1242,-0.50,EUR,-818.95,EUR,7ceb3fc5-59bc-4be4-ae85-63d0ba523231
11-06-2020,16:00,TESLA MOTORS INC. - C,US88160R1014,NDQ,ARCX,-1,1000.0000,USD,1000.00,USD,877.21,EUR,1.1388,-0.50,EUR,876.71,EUR,9c3ba13f-780e-4fc2-8858-1f358ad34678
11-06-2020,15:32,TESLA MOTORS INC. - C,US88160R1014,NDQ,XNAS,1,988.0000,USD,-988.00,USD,-869.26,EUR,1.1355,-0.50,EUR,-869.76,EUR,f46f04fd-b59e-4838-a0ba-1486d86f4d52
11-06-2020,15:30,AMAZON.COM INC. - COM,US0231351067,NDQ,XNAS,1,2600.0000,USD,-2600.00,USD,-2287.32,EUR,1.1356,-0.50,EUR,-2287.82,EUR,ad91644e-6a4f-4f3d-be28-3e984dff5bbe
11-06-2020,15:30,ALPHABET INC. - CLASS A,US02079K3059,NDQ,XNAS,1,1440.0000,USD,-1440.00,USD,-1266.71,EUR,1.1357,-0.50,EUR,-1267.21,EUR,931fb349-71b7-457b-a68d-e0bf59a40436
10-06-2020,16:45,AMAZON.COM INC. - COM,US0231351067,NDQ,XNAS,-1,2661.0000,USD,2661.00,USD,2335.90,EUR,1.1380,-0.50,EUR,2335.40,EUR,a7ca07ed-2c6f-4476-9bc6-1c8cccbea17a
08-06-2020,19:53,AMAZON.COM INC. - COM,US0231351067,NDQ,SOHO,-1,2516.0000,USD,2516.00,USD,2222.89,EUR,1.1307,-0.50,EUR,2222.39,EUR,0190e1ac-3024-468f-87a3-f7ef18f84e8c
27-05-2020,15:33,AMAZON.COM INC. - COM,US0231351067,NDQ,CDED,1,2396.7400,USD,-2396.74,USD,-2178.26,EUR,1.0992,-0.50,EUR,-2178.76,EUR,7c07645c-3885-4a2e-b07b-9648909927d3
27-05-2020,15:32,APPLE INC. - COMMON ST,US0378331005,NDQ,CDED,-2,318.1000,USD,636.20,USD,577.10,EUR,1.1013,-0.51,EUR,576.59,EUR,dab130ba-aee7-451b-81c3-f987d46e6de2
26-05-2020,21:34,ALPHABET INC. - CLASS A,US02079K3059,NDQ,XNAS,1,1425.0000,USD,-1425.00,USD,-1296.28,EUR,1.0982,-0.50,EUR,-1296.78,EUR,8e28c78c-ddf6-4fe8-9fda-fa2b5ce56ab1
26-05-2020,17:52,ALPHABET INC. - CLASS A,US02079K3059,NDQ,ARCX,-1,1430.0000,USD,1430.00,USD,1300.36,EUR,1.0986,-0.50,EUR,1299.86,EUR,3a618ecf-4c2c-49b6-bf3b-ae632076cfec
22-05-2020,15:36,ALIBABA GROUP HOLDING,US01609W1027,NSY,XNYS,1,201.0000,USD,-201.00,USD,-184.47,EUR,1.0885,-0.50,EUR,-184.97,EUR,32201c5a-30df-4a9d-b6f2-2818d698b00d
21-05-2020,16:54,AMAZON.COM INC. - COM,US0231351067,NDQ,ARCX,1,2475.0000,USD,-2475.00,USD,-2259.45,EUR,1.0943,-0.50,EUR,-2259.95,EUR,c8a01a3c-22c3-4f52-b209-9a78465c510f
21-05-2020,16:04,ALPHABET INC. - CLASS A,US02079K3059,NDQ,XNAS,1,1401.0000,USD,-1401.00,USD,-1276.07,EUR,1.0968,-0.50,EUR,-1276.57,EUR,c28c96b5-8d23-4515-909e-e65d13ba5ee3
20-05-2020,18:45,ALIBABA GROUP HOLDING,US01609W1027,NSY,XNYS,1,211.0000,USD,-211.00,USD,-192.26,EUR,1.0964,-0.50,EUR,-192.76,EUR,8c0fe592-d250-4e4c-b8ec-2b04b4f32c65
20-05-2020,17:59,ALPHABET INC. - CLASS A,US02079K3059,NDQ,ARCX,-1,1410.0000,USD,1410.00,USD,1281.70,EUR,1.0990,-0.50,EUR,1281.20,EUR,d4b02b61-5bd8-4786-982d-72052263eba6
20-05-2020,15:36,ALPHABET INC. - CLASS A,US02079K3059,NDQ,XNAS,-1,1391.1600,USD,1391.16,USD,1265.85,EUR,1.0979,-0.50,EUR,1265.35,EUR,4838bb38-a503-485e-a941-527eeedbe9c6
19-05-2020,18:19,MODERNA INC. - COMMON,US60770K1079,NDQ,XNAS,1,75.0000,USD,-75.00,USD,-68.59,EUR,1.0924,-0.50,EUR,-69.09,EUR,93ec332e-459f-4a44-9c7b-8223aa9db5b8
19-05-2020,16:50,ALIBABA GROUP HOLDING,US01609W1027,NSY,CDED,-1,218.9300,USD,218.93,USD,199.76,EUR,1.0949,-0.50,EUR,199.26,EUR,2be48654-2f74-4e32-8d23-276bd735d945
19-05-2020,16:49,AMAZON.COM INC. - COM,US0231351067,NDQ,CDED,-1,2464.4500,USD,2464.45,USD,2248.20,EUR,1.0951,-0.50,EUR,2247.70,EUR,1e3f3e90-f4ed-4167-8c94-bedecf1bfad3
18-05-2020,17:22,ADOBE SYSTEMS INCORPOR,US00724F1012,NDQ,CDED,-1,375.2900,USD,375.29,USD,344.09,EUR,1.0896,-0.50,EUR,343.59,EUR,65201593-8dfa-4717-9709-99bdb5906ed9
18-05-2020,17:20,MODERNA INC. - COMMON,US60770K1079,NDQ,CDED,-1,82.6000,USD,82.60,USD,75.78,EUR,1.0889,-0.50,EUR,75.28,EUR,1f4207de-2110-4c2d-8c33-594205d09e97
18-05-2020,17:19,ALIBABA GROUP HOLDING,US01609W1027,NSY,SOHO,-1,213.4400,USD,213.44,USD,195.89,EUR,1.0885,-0.50,EUR,195.39,EUR,72ae69f3-ba05-4ad8-9bbf-fad48b6154ef
18-05-2020,17:18,ACCENTURE PLC. CLASS A,IE00B4BNMY34,NSY,SOHO,-1,192.8800,USD,192.88,USD,177.14,EUR,1.0878,-0.50,EUR,176.64,EUR,ceb30f79-08b5-4ef9-b68f-131fca49fe84
14-05-2020,17:07,MODERNA INC. - COMMON,US60770K1079,NDQ,CDED,1,62.8900,USD,-62.89,USD,-58.17,EUR,1.0801,-0.50,EUR,-58.67,EUR,0ed7850f-059e-4ef8-b970-097cb1a1a4ae
14-05-2020,17:07,ALPHABET INC. - CLASS A,US02079K3059,NDQ,CDED,1,1335.0900,USD,-1335.09,USD,-1234.82,EUR,1.0801,-0.50,EUR,-1235.32,EUR,28f8239f-52a8-47a4-af71-95248dd23690
11-05-2020,20:09,TESLA MOTORS INC. - C,US88160R1014,NDQ,ARCX,-1,812.0000,USD,812.00,USD,749.79,EUR,1.0819,-0.50,EUR,749.29,EUR,cbe13485-4099-410d-a9eb-1bc5fc5c4cda
11-05-2020,19:55,TESLA MOTORS INC. - C,US88160R1014,NDQ,SOHO,1,814.7890,USD,-814.79,USD,-753.67,EUR,1.0800,-0.50,EUR,-754.17,EUR,52637c5d-7f31-4702-a229-1d8820826f63
11-05-2020,16:05,APPLE INC. - COMMON ST,US0378331005,NDQ,CDED,2,310.4900,USD,-620.98,USD,-573.07,EUR,1.0825,-0.51,EUR,-573.58,EUR,548bdc45-b565-4633-a8b8-1c25cbbd2e2a
07-05-2020,18:41,ALIBABA GROUP HOLDING,US01609W1027,NSY,CDED,1,195.6300,USD,-195.63,USD,-180.89,EUR,1.0804,-0.50,EUR,-181.39,EUR,f93c3084-09d0-4607-a0d1-429a352e3683
07-05-2020,18:14,ACCENTURE PLC. CLASS A,IE00B4BNMY34,NSY,CDED,-1,186.2100,USD,186.21,USD,172.01,EUR,1.0815,-0.50,EUR,171.51,EUR,731bd357-589f-4d33-a942-01e7e43b33dc
07-05-2020,17:05,ALPHABET INC. - CLASS A,US02079K3059,NDQ,ARCX,-1,1358.0000,USD,1358.00,USD,1257.34,EUR,1.0790,-0.50,EUR,1256.84,EUR,7e17f421-8536-412c-b8f3-3256a1f1fd4e
01-05-2020,15:30,AMAZON.COM INC. - COM,US0231351067,NDQ,XNAS,1,2335.8200,USD,-2335.82,USD,-2127.73,EUR,1.0967,-0.50,EUR,-2128.23,EUR,0278601b-7068-4c60-8faf-e409b2ba202f
30-04-2020,16:20,AMAZON.COM INC. - COM,US0231351067,NDQ,SOHO,-1,2437.0100,USD,2437.01,USD,2236.04,EUR,1.0888,-0.50,EUR,2235.54,EUR,9b91b181-e43a-4385-8dbe-f445bfe188ec
30-04-2020,15:31,ALPHABET INC. - CLASS A,US02079K3059,NDQ,XNAS,1,1333.3800,USD,-1333.38,USD,-1229.03,EUR,1.0838,-0.50,EUR,-1229.53,EUR,9b84d2a4-5029-4813-9e12-c9c367e40df5
29-04-2020,16:25,ALPHABET INC. - CLASS A,US02079K3059,NDQ,SOHO,-1,1349.0300,USD,1349.03,USD,1241.43,EUR,1.0856,-0.50,EUR,1240.93,EUR,4229bcd0-4547-48ad-9207-fd5112624ba8
28-04-2020,16:14,ALPHABET INC. - CLASS A,US02079K3059,NDQ,XNAS,1,1260.0000,USD,-1260.00,USD,-1161.50,EUR,1.0837,-0.50,EUR,-1162.00,EUR,5925f953-94db-4972-8810-ff9164595fba
28-04-2020,15:43,WALT DISNEY COMPANY (T,US2546871060,NSY,SOHO,-1,109.8500,USD,109.85,USD,100.96,EUR,1.0870,-0.50,EUR,100.46,EUR,e15ee052-2361-4132-b87c-c3a1ffad791a
28-04-2020,15:40,CD PROJEKT RED SA,PLOPTTC00011,WSE,XWAR,1,360.8000,PLN,-360.80,PLN,-79.36,EUR,4.5462,-0.29,EUR,-79.65,EUR,23adce34-2698-416f-95fc-55bd2aa516c3
28-04-2020,15:31,AMAZON.COM INC. - COM,US0231351067,NDQ,CDED,1,2357.6200,USD,-2357.62,USD,-2169.72,EUR,1.0855,-0.50,EUR,-2170.22,EUR,e220251a-ed37-46b1-a010-54686bcf85bc
23-04-2020,16:28,AMAZON.COM INC. - COM,US0231351067,NDQ,ARCX,-1,2412.1300,USD,2412.13,USD,2222.00,EUR,1.0845,-0.50,EUR,2221.50,EUR,2310d11d-96bc-4584-a137-8d3af83000e3
22-04-2020,17:45,ALPHABET INC. - CLASS A,US02079K3059,NDQ,CDED,-1,1256.3800,USD,1256.38,USD,1157.77,EUR,1.0841,-0.50,EUR,1157.27,EUR,a5a06978-2a07-4469-a2a8-29fc27f2b806
21-04-2020,15:38,AMAZON.COM INC. - COM,US0231351067,NDQ,EDGX,1,2390.0000,USD,-2390.00,USD,-2206.22,EUR,1.0822,-0.50,EUR,-2206.72,EUR,1318cf05-79fb-42d9-bc65-72d55a77e62d
21-04-2020,15:31,AMAZON.COM INC. - COM,US0231351067,NDQ,CDED,-1,2416.8640,USD,2416.86,USD,2226.77,EUR,1.0843,-0.50,EUR,2226.27,EUR,1dbd7ed6-3d09-4f4b-8b98-40431ae6fa64
20-04-2020,19:08,AMAZON.COM INC. - COM,US0231351067,NDQ,ARCX,1,2400.7200,USD,-2400.72,USD,-2208.57,EUR,1.0859,-0.50,EUR,-2209.07,EUR,81e04498-d0d0-493d-92a3-a7f29027c6e5
20-04-2020,16:41,JD.COM INC. - AMERICA,US47215P1066,NDQ,CDED,1,46.0600,USD,-46.06,USD,-42.34,EUR,1.0868,-0.50,EUR,-42.84,EUR,93565789-7c79-4ea1-bc19-d8b54a3cbf49
20-04-2020,16:36,AMAZON.COM INC. - COM,US0231351067,NDQ,ARCX,-1,2420.0000,USD,2420.00,USD,2221.86,EUR,1.0881,-0.50,EUR,2221.36,EUR,2fcbbd47-6f9c-45f2-a2b7-d93b5a7734c3
20-04-2020,15:55,AMAZON.COM INC. - COM,US0231351067,NDQ,CDED,1,2399.5900,USD,-2399.59,USD,-2208.96,EUR,1.0852,-0.50,EUR,-2209.46,EUR,c493569b-3256-4ba6-a986-4c6e179d1663
20-04-2020,15:42,ALIBABA GROUP HOLDING,US01609W1027,NSY,CDED,1,212.1200,USD,-212.12,USD,-195.16,EUR,1.0858,-0.50,EUR,-195.66,EUR,acfe7d60-e183-4520-88fa-1726f9c558db
20-04-2020,15:39,AMAZON.COM INC. - COM,US0231351067,NDQ,ARCX,-1,2434.0000,USD,2434.00,USD,2235.33,EUR,1.0878,-0.50,EUR,2234.83,EUR,cab2a4dc-13ca-4047-90e7-0cc310d312cf
17-04-2020,15:47,AMAZON.COM INC. - COM,US0231351067,NDQ,SOHO,1,2362.7500,USD,-2362.75,USD,-2172.64,EUR,1.0864,-0.50,EUR,-2173.14,EUR,5f37e763-a9a7-4a05-9eaf-0cd55aaa5851
17-04-2020,15:43,HOME DEPOT INC. (THE),US4370761029,NSY,BATS,-1,208.5000,USD,208.50,USD,191.57,EUR,1.0873,-0.50,EUR,191.07,EUR,949e3cd4-1216-4001-86b6-28b9878b3c1e
16-04-2020,15:32,MODERNA INC. - COMMON,US60770K1079,NDQ,XNAS,1,38.0000,USD,-38.00,USD,-34.93,EUR,1.0867,-0.50,EUR,-35.43,EUR,836bde60-2c71-46bd-b4f4-43488a1be810
16-04-2020,15:30,INOVIO PHARMACEUTICALS,US45773H2013,NDQ,XNAS,5,7.5000,USD,-37.50,USD,-34.47,EUR,1.0867,-0.52,EUR,-34.99,EUR,847e032e-a174-4261-981e-45778f9f62c4
15-04-2020,18:14,HOME DEPOT INC. (THE),US4370761029,NSY,CDED,1,197.4700,USD,-197.47,USD,-181.02,EUR,1.0898,-0.50,EUR,-181.52,EUR,ef88258c-a189-4f5c-b4ff-e18ccc7201f0
15-04-2020,15:45,CCC SA,PLCCC0000016,WSE,XWAR,5,47.1800,PLN,-235.90,PLN,-51.94,EUR,4.5417,-0.27,EUR,-52.21,EUR,73661774-0146-4d36-aa30-285e82832de2
14-04-2020,15:54,ACCENTURE PLC. CLASS A,IE00B4BNMY34,NSY,SOHO,1,176.4200,USD,-176.42,USD,-160.97,EUR,1.0949,-0.50,EUR,-161.47,EUR,01d652ba-a6db-435b-84d1-e725b4098f14
14-04-2020,15:51,INTEL CORPORATION - CO,US4581401001,NDQ,CDED,2,60.6700,USD,-121.34,USD,-110.74,EUR,1.0946,-0.51,EUR,-111.25,EUR,6b866516-48de-4f47-b927-f53cd1107042
14-04-2020,15:46,ALPHABET INC. - CLASS A,US02079K3059,NDQ,XNAS,1,1234.0000,USD,-1234.00,USD,-1125.71,EUR,1.0951,-0.50,EUR,-1126.21,EUR,f9b2f76a-10f9-4cc9-a450-eabfb85a8aa5
14-04-2020,15:38,AGORA SA,PLAGORA00067,WSE,XWAR,30,7.4800,PLN,-224.40,PLN,-49.39,EUR,4.5434,-0.26,EUR,-49.65,EUR,251907e6-871a-437d-a8fc-7a8bb0fc5fb0
14-04-2020,09:06,CCC SA,PLCCC0000016,WSE,XWAR,5,40.2000,PLN,-201.00,PLN,-44.19,EUR,4.5484,-0.26,EUR,-44.45,EUR,d1619ce4-18ab-4577-bd37-aa080bfff753
13-04-2020,18:27,MICROSOFT CORPORATION,US5949181045,NDQ,CDED,2,163.0700,USD,-326.14,USD,-298.85,EUR,1.0902,-0.51,EUR,-299.36,EUR,55c475ad-9a37-4b90-815e-32ad96340833
13-04-2020,17:09,NETFLIX INC. - COMMON,US64110L1061,NDQ,SOHO,-1,384.0100,USD,384.01,USD,351.79,EUR,1.0905,-0.50,EUR,351.29,EUR,ab602a7f-71c0-4936-8913-ab94a8d7b2a0
13-04-2020,16:32,WALT DISNEY COMPANY (T,US2546871060,NSY,CDED,1,100.3000,USD,-100.30,USD,-91.89,EUR,1.0904,-0.50,EUR,-92.39,EUR,9671875d-d440-4f05-8ff5-3b1fd2d22fca
13-04-2020,16:26,ACCENTURE PLC. CLASS A,IE00B4BNMY34,NSY,CDED,1,170.9000,USD,-170.90,USD,-156.56,EUR,1.0905,-0.50,EUR,-157.06,EUR,ac782638-91da-4319-a644-1cdb76688abb
13-04-2020,16:21,ADOBE SYSTEMS INCORPOR,US00724F1012,NDQ,XNAS,1,315.0000,USD,-315.00,USD,-288.62,EUR,1.0903,-0.50,EUR,-289.12,EUR,e02ad5c7-5797-4681-9e21-021ebd3b33e8
13-04-2020,16:15,NETFLIX INC. - COMMON,US64110L1061,NDQ,CDED,-1,382.6600,USD,382.66,USD,349.91,EUR,1.0925,-0.50,EUR,349.41,EUR,2b367a10-8bf2-4bcd-9acb-b1eca5ffae49
09-04-2020,19:43,ALPHABET INC. - CLASS A,US02079K3059,NDQ,CDED,1,1212.8900,USD,-1212.89,USD,-1107.86,EUR,1.0937,-0.50,EUR,-1108.36,EUR,44504c7e-b47b-4370-99d0-e2dfd5dd9ae4
09-04-2020,19:42,ALIBABA GROUP HOLDING,US01609W1027,NSY,CDED,1,195.7750,USD,-195.78,USD,-178.87,EUR,1.0934,-0.50,EUR,-179.37,EUR,7e780fce-1e87-4057-a9a7-97fa44176f29
09-04-2020,17:26,NETFLIX INC. - COMMON,US64110L1061,NDQ,SOHO,1,364.3400,USD,-364.34,USD,-333.16,EUR,1.0925,-0.50,EUR,-333.66,EUR,edf7aa9c-5f6b-46bc-8e96-2859a2f00906
09-04-2020,17:16,BAYER AG,DE000BAY0017,XET,XETU,-3,57.2100,EUR,171.63,EUR,171.63,EUR,,-4.09,EUR,167.54,EUR,9efe24d7-7810-4ef7-8cd2-22e2e997e451
09-04-2020,17:13,CITIGROUP INC. COMMON,US1729674242,NSY,CDED,-3,47.6200,USD,142.86,USD,130.32,EUR,1.0951,-0.51,EUR,129.81,EUR,6036cc8b-6352-44e0-ba77-b010814b3da8
09-04-2020,17:10,PROCTER & GAMBLE COMPA,US7427181091,NSY,XNYS,-2,117.5000,USD,235.00,USD,214.54,EUR,1.0943,-0.51,EUR,214.03,EUR,40629095-b12d-443d-b17a-1e6c8b8c5b57
08-04-2020,18:54,CITIGROUP INC. COMMON,US1729674242,NSY,CDED,3,43.5700,USD,-130.71,USD,-120.37,EUR,1.0848,-0.51,EUR,-120.88,EUR,eb1a19b1-bbd8-46cd-929a-9cf57db36a2a
08-04-2020,18:54,PROCTER & GAMBLE COMPA,US7427181091,NSY,CDED,2,114.2700,USD,-228.54,USD,-210.48,EUR,1.0847,-0.51,EUR,-210.99,EUR,9729b1e3-84fc-4ee8-a97c-d1d67ddb7c4e
08-04-2020,18:47,NETFLIX INC. - COMMON,US64110L1061,NDQ,XNAS,1,372.0000,USD,-372.00,USD,-342.54,EUR,1.0849,-0.50,EUR,-343.04,EUR,3151cd81-7106-40ae-9f1c-2982de057c47
06-04-2020,17:12,ACCENTURE PLC. CLASS A,IE00B4BNMY34,NSY,SOHO,-1,162.5100,USD,162.51,USD,150.13,EUR,1.0814,-0.50,EUR,149.63,EUR,fdba8c86-6c5c-4153-ad4a-6f6acc858363
06-04-2020,16:07,ALPHABET INC. - CLASS A,US02079K3059,NDQ,XNAS,-1,1140.0000,USD,1140.00,USD,1053.93,EUR,1.0806,-0.50,EUR,1053.43,EUR,0dc299d4-2af7-4f2b-aa1a-b4aeb3706b1f
03-04-2020,19:27,ACCENTURE PLC. CLASS A,IE00B4BNMY34,NSY,XNYS,1,150.0000,USD,-150.00,USD,-139.00,EUR,1.0780,-0.50,EUR,-139.50,EUR,80cd5b8e-fe5d-4b41-8701-1a8b6fa7588c
02-04-2020,20:04,ALPHABET INC. - CLASS A,US02079K3059,NDQ,XNAS,1,1100.0000,USD,-1100.00,USD,-1015.98,EUR,1.0816,-0.50,EUR,-1016.48,EUR,7fb2e963-b666-4bce-8e62-b642e8ada35b
30-03-2020,16:10,GENERAL ELECTRIC COMPA,US3696041033,NSY,EDGX,5,7.5000,USD,-37.50,USD,-33.99,EUR,1.1022,-0.52,EUR,-34.51,EUR,d5d38ece-e576-4264-a6d9-b31c25ec6ef4
30-03-2020,16:07,BAYER AG,DE000BAY0017,XET,XETU,3,51.4900,EUR,-154.47,EUR,-154.47,EUR,,-4.08,EUR,-158.55,EUR,fe19f01b-304a-4bf2-ad0a-fd71d135a0d4
